Week 1,,Monday,,,,,,Tuesday,,,,,,Wednesday,,,,,,Thursday,,,,,,Friday,,,,,,Saturday,,,,,,Sunday

6/1/26,Time,Type of Action,Date Booked,Booked By,ORG Name,02/06/2026,Time,Type of Action,Date Booked,Booked By,ORG Name,6/3/2026,Time,Type of Action,Date Booked,Booked By,ORG Name,6/4/2026,Time,Type of Action,Date Booked,Booked By,ORG Name,6/5/2026,Time,Type of Action,Date Booked,Booked By,ORG Name,6/6/2026,Time,Type of Action,Date Booked,Booked By,ORG Name,6/7/2026,Time,Type of Action,Date Booked,Booked By,ORG Name
,13:00,,,,,,13:00,,,,,,13:00,,,,,,13:00,,,,,,13:00,,,,,,13:00,,,,,,13:00
,14:00,,,,,,14:00,,,,,,14:00,,,,,,14:00,,,,,,14:00,,,,,,14:00,,,,,,14:00
,15:00,,,,,,15:00,,,,,,15:00,,,,,,15:00,,,,,,15:00,,,,,,15:00,,,,,,15:00
,16:00,,,,,,16:00,,,,,,16:00,,,,,,16:00,,,,,,16:00,,,,,,16:00,,,,,,16:00,Bank of England,05/29/26,Silly Lilly,NDRFamily
,17:00,,,,,,17:00,Butcher Shop,5/29/26,Silly Lilly,Toyo,,17:00,,,,,,17:00,ACTIONS MEETING,,,,,17:00,,,,,,17:00,Island Seige,5/29/26,Silly Lilly,NDRFamily,,21:00,BR
,18:00,Humane labs,05/31/26,Nuno,OptiFamily,,18:00,Prison Break,05/27/26,rhys,HighRollerz,,18:00,PD MEETING,,rhys,,,18:00,Island Seige,05/21/26,Jim,GodSentSinners,,18:00,,,,,,18:00,,,,,,18:00,PD MEETING
,19:00,Prison Break,21/05/26,Jim,GodSentSinners,,19:00,STAFF MEETING,,,,,19:00,,,,,,19:00,,,,,,19:00,Prison Break,05/29/26,Silly Lilly,cowswithguns,,19:00,,,,,,19:00,Bank of England,05/29/26,Silly Lilly,cowswithguns
,20:00,Humane labs,05/22/26,Barry,NewWorldCartel,,20:00,Bank of England,05/22/26,Barry,NewWorldCartel,,20:00,Jewellery Heist,05/22/26,Barry,NewWorldCartel,,20:00,Prison Break,05/22/26,Barry,NewWorldCartel,,20:00,PD Seige,05/22/26,Barry,NewWorldCartel,,20:00,Island Seige,05/22/26,Barry,NewWorldCartel,,20:00,Butcher Shop,05/22/26,Barry,NewWorldCartel
,21:00,Island Seige,05/27/26,rhys,HighRollerz,,21:00,BR,,,,,21:00,PD Seige,05/27/26,rhys,HighRollerz,,21:00,,,,,,21:00,Jewellery Heist,05/27/26,rhys,HighRollerz,,21:00,BR,,,,,21:00,BR
,22:00,Jewellery Heist,05/28/2026,Tin,DND,,22:00,Jewellery Heist,05/27/2026,Barry,Sinns Cartel,,22:00,Butcher Shop,05/28/2026,Tin,DND,,22:00,UNI Heist,05/27/2026,rhys,HighRollerz,,22:00,,,,,,22:00,DOJ Extraction,05/27/2026,rhys,HighRollerz,,22:00,Bank of England,05/27/2026,rhys,HighRollerz
,23:00,,,,,,23:00,,,,,,23:00,,,,,,23:00,,,,,,23:00,,,,,,23:00,,,,,,23:00
,0:00,,,,,,0:00,,,,,,0:00,,,,,,0:00,,,,,,0:00,,,,,,0:00,,,,,,0:00

Week 2,,Monday,,,,,,Tuesday,,,,,,Wednesday,,,,,,Thursday,,,,,,Friday,,,,,,Saturday,,,,,,Sunday

6/8/2026,Time,Type of Action,Date Booked,Booked By,ORG Name,09/06/2026,Time,Type of Action,Date Booked,Booked By,ORG Name,6/10/2026,Time,Type of Action,Date Booked,Booked By,ORG Name,6/11/2026,Time,Type of Action,Date Booked,Booked By,ORG Name,6/12/2026,Time,Type of Action,Date Booked,Booked By,ORG Name,6/13/2026,Time,Type of Action,Date Booked,Booked By,ORG Name,6/14/2026,Time,Type of Action,Date Booked,Booked By,ORG Name
,13:00,,,,,,13:00,,,,,,13:00,,,,,,13:00,,,,,,13:00,,,,,,13:00,,,,,,13:00
,14:00,,,,,,14:00,,,,,,14:00,,,,,,14:00,,,,,,14:00,,,,,,14:00,,,,,,14:00
,15:00,,,,,,15:00,,,,,,15:00,,,,,,15:00,,,,,,15:00,,,,,,15:00,,,,,,15:00
,16:00,,,,,,16:00,,,,,,16:00,,,,,,16:00,,,,,,16:00,,,,,,16:00,,,,,,16:00
,17:00,,,,,,17:00,,,,,,17:00,Boat Raid,5/29/26,Silly Lilly,cowswithguns,,17:00,ACTIONS MEETING,,,,,17:00,,,,,,17:00,,,,,,17:00
,18:00,Boat Raid,05/29/26,Silly Lilly,GodSentSinners,,18:00,Humane labs,05/29/26,Tin,Marrons,,18:00,PD MEETING,,,,,18:00,Gang VS Gang,05/29/26,Tin,Marrons,,18:00,,,,,,18:00,Humane labs,05/29/26,Silly Lilly,Carclube,,18:00,PD MEETING
,19:00,Prison Break,05/29/26,Silly Lilly,cowswithguns,,19:00,STAFF MEETING,,,,,19:00,,,,,,19:00,,,,,,19:00,Jewellery Heist,05/29/26,Silly Lilly,cowswithguns,,19:00,,,,,,19:00
,20:00,Humane labs,05/22/26,Barry,NewWorldCartel,,20:00,Bank of England,05/22/26,Barry,NewWorldCartel,,20:00,Island Seige,05/22/26,Barry,NewWorldCartel,,20:00,Prison Break,05/22/26,Barry,NewWorldCartel,,20:00,PD Seige,05/22/26,Barry,NewWorldCartel,,20:00,Island Seige,05/22/26,Barry,NewWorldCartel,,20:00,Butcher Shop,05/22/26,Barry,NewWorldCartel
,21:00,Prison Break,05/27/26,rhys,HighRollerz,,21:00,BR,,,,,21:00,Island Seige,05/27/26,rhys,HighRollerz,,21:00,Island Seige,05/27/26,rhys,HighRollerz,,21:00,Humane labs,05/27/26,rhys,HighRollerz,,21:00,BR,,,,,21:00,Island Seige,06/11/26,Exempt,TheGuerroFamily
,22:00,,,,,,22:00,Butcher Shop,05/27/2026,rhys,HighRollerz,,22:00,,,,,,22:00,,,,,,22:00,,,,,,22:00,Bank of England,05/27/2026,rhys,HighRollerz,,22:00,Jewellery Heist,05/27/2026,rhys,HighRollerz
,23:00,,,,,,23:00,,,,,,23:00,,,,,,23:00,,,,,,23:00,,,,,,23:00,,,,,,23:00
,0:00,,,,,,0:00,,,,,,0:00,,,,,,0:00,,,,,,0:00,,,,,,0:00,,,,,,0:00

Week 3,,Monday,,,,,,Tuesday,,,,,,Wednesday,,,,,,Thursday,,,,,,Friday,,,,,,Saturday,,,,,,Sunday

6/15/2026,Time,Type of Action,Date Booked,Booked By,ORG Name,16/06/2026,Time,Type of Action,Date Booked,Booked By,ORG Name,6/17/2026,Time,Type of Action,Date Booked,Booked By,ORG Name,6/18/2026,Time,Type of Action,Date Booked,Booked By,ORG Name,6/19/2026,Time,Type of Action,Date Booked,Booked By,ORG Name,6/20/2026,Time,Type of Action,Date Booked,Booked By,ORG Name,6/21/2026,Time,Type of Action,Date Booked,Booked By,ORG Name
,13:00,,tr,,,,13:00,,,,,,13:00,,,,,,13:00,,,,,,13:00,,,,,,13:00,,,,,,13:00
,14:00,,,,,,14:00,,,,,,14:00,,,,,,14:00,,,,,,14:00,,,,,,14:00,,,,,,14:00
,15:00,,,,,,15:00,,,,,,15:00,,,,,,15:00,,,,,,15:00,,,,,,15:00,,,,,,15:00
,16:00,,,,,,16:00,,,,,,16:00,,,,,,16:00,,,,,,16:00,,,,,,16:00,,,,,,16:00
,17:00,,,,,,17:00,Humane labs,6/14/26,Exempt,TheSaintsFamily,,17:00,,,,,,17:00,ACTIONS MEETING,,,,,17:00,,,,,,17:00,,,,,,21:00,BR
,18:00,Bank of England,05/28/26,Silly Lilly,GodSentSinners,,18:00,,,,,,18:00,PD MEETING,,,,,18:00,Humane labs,06/13/26,Codz,cowswithguns,,18:00,Butcher Shop,06/01/26,Exempt,TheSaintsFamily,,18:00,,,,,,18:00,PD MEETING
,19:00,DOJ Extraction,05/29/26,Silly Lilly,cowswithguns,,19:00,STAFF MEETING,,,,,19:00,,,,,,19:00,,,,,,19:00,,,,,,19:00,,,,,,19:00,Humane labs,19/06/26,Exempt,DND
,20:00,Humane labs,05/22/26,Barry,NewWorldCartel,,20:00,Bank of England,05/22/26,Barry,NewWorldCartel,,20:00,Jewellery Heist,05/22/26,Barry,NewWorldCartel,,20:00,Prison Break,05/22/26,Barry,NewWorldCartel,,20:00,PD Seige,05/22/26,Barry,NewWorldCartel,,20:00,Island Seige,05/22/26,Barry,NewWorldCartel,,20:00,Butcher Shop,05/22/26,Barry,NewWorldCartel
,21:00,UNI Heist,05/27/26,rhys,HighRollerz,,21:00,BR,,,,,21:00,DOJ Extraction,05/27/26,rhys,W,,21:00,Island Seige,05/27/26,rhys,HighRollerz,,21:00,Boat Raid,05/27/26,rhys,HighRollerz,,21:00,BR,,,,,21:00,BR
,22:00,,,,,,22:00,Bank of England,06/10/2026,Alex,Sinns Cartel,,22:00,UNI Heist,05/28/2026,Silly Lilly,GodSentSinners,,22:00,Jewellery Heist,06/10/2026,Alex,Sinns Cartel,,22:00,Humane labs,06/10/2026,Alex,Sinns Cartel,,22:00,Humane labs,05/27/2026,rhys,HighRollerz,,22:00,Bank of England,05/27/2026,rhys,HighRollerz
,23:00,,,,,,23:00,,,,,,23:00,,,,,,23:00,Bank of England,06/11/26,Barry,Vanilla,,23:00,Humane labs,06/11/26,Barry,Vanilla,,23:00,Jewellery Heist,06/11/26,Barry,Vanilla,,23:00,Prison Break,06/11/26,Barry,Vanilla
,0:00,,,,,,0:00,,,,,,0:00,,,,,,0:00,,,,,,0:00,,,,,,0:00,,,,,,0:00

Week 4,,Monday,,,,,,Tuesday,,,,,,Wednesday,,,,,,Thursday,,,,,,Friday,,,,,,Saturday,,,,,,Sunday

6/22/2026,Time,Type of Action,Date Booked,Booked By,ORG Name,23/06/2026,Time,Type of Action,Date Booked,Booked By,ORG Name,6/24/2026,Time,Type of Action,Date Booked,Booked By,ORG Name,6/25/2026,Time,Type of Action,Date Booked,Booked By,ORG Name,6/26/2026,Time,Type of Action,Date Booked,Booked By,ORG Name,6/27/2026,Time,Type of Action,Date Booked,Booked By,ORG Name,6/28/2026,Time,Type of Action,Date Booked,Booked By,ORG Name
,13:00,,,,,,13:00,,,,,,13:00,,,,,,13:00,,,,,,13:00,,,,,,13:00,,,,,,13:00
,14:00,,,,,,14:00,,,,,,14:00,,,,,,14:00,,,,,,14:00,,,,,,14:00,,,,,,14:00
,15:00,,,,,,15:00,,,,,,15:00,,,,,,15:00,,,,,,15:00,,,,,,15:00,,,,,,15:00
,16:00,,,,,,16:00,,,,,,16:00,,,,,,16:00,,,,,,16:00,,,,,,16:00,,,,,,16:00
,17:00,,,,,,17:00,,,,,,17:00,,,,,,17:00,ACTIONS MEETING,,,,,17:00,,,,,,17:00,,,,,,21:00,BR
,18:00,Jewellery Heist,06/20/26,Alex,Tropadu7,,18:00,Bank of England,6/14/26,Exempt,TheSaintsFamily,,18:00,PD MEETING,,,,,18:00,Bank of England,06/15/26,Codz,cowswithguns,,18:00,,,,,,18:00,,,,,,18:00,PD MEETING
,19:00,Prison Break,06/15/26,Codz,cowswithguns,,19:00,STAFF MEETING,,,,,19:00,Humane labs,06/20/26,Alex,Tropadu7,,19:00,,,,,,19:00,,,,,,19:00,Butcher Shop,19/06/26,Exempt,DND,,19:00,Jewellery Heist,6/14/26,Exempt,TheSaintsFamily
,20:00,Humane labs,05/22/26,Barry,NewWorldCartel,,20:00,Bank of England,05/22/26,Barry,NewWorldCartel,,20:00,Jewellery Heist,05/22/26,Barry,NewWorldCartel,,20:00,Prison Break,05/22/26,Barry,NewWorldCartel,,20:00,PD Seige,05/22/26,Barry,NewWorldCartel,,20:00,,,,,,20:00,Butcher Shop,05/22/26,Barry,NewWorldCartel
,21:00,Island Seige,05/27/26,rhys,HighRollerz,,21:00,BR,,,,,21:00,Prison Break,05/27/26,rhys,HighRollerz,,21:00,Boat Raid,05/27/26,rhys,HighRollerz,,21:00,,,,,,21:00,BR,,,,,21:00,BR
,22:00,Jewellery Heist,06/10/2026,Alex,Sinns Cartel,,22:00,UNI Heist,05/27/2026,rhys,HighRollerz,,22:00,Bank of England,06/10/2026,Alex,Sinns Cartel,,22:00,UNI Heist,06/20/2026,Alex,Tropadu7,,22:00,,,,,,22:00,,,,,,22:00,Bank of England,05/27/2026,rhys,HighRollerz
,23:00,PD Seige,06/11/26,Barry,Vanilla,,23:00,Island Seige,06/11/26,Barry,Vanilla,,23:00,Butcher Shop,06/11/26,Barry,Vanilla,,23:00,DOJ Extraction,06/11/26,Barry,Vanilla,,23:00,,,,,,23:00,,,,,,23:00,Humane labs,06/11/26,Barry,Vanilla
,0:00,,,,,,0:00,,,,,,0:00,,,,,,0:00,,,,,,0:00,,,,,,0:00,,,,,,0:00

Week 5,,Monday,,,,,,Tuesday

6/29/2026,Time,Type of Action,Date Booked,Booked By,ORG Name,6/30/2026,Time,Type of Action,Date Booked,Booked By,ORG Name
,13:00,,,,,,13:00
,14:00,,,,,,14:00
,15:00,,,,,,15:00
,16:00,,,,,,16:00
,17:00,,,,,,17:00
,18:00,,,,,,18:00,Butcher Shop,6/14/26,Exempt,TheSaintsFamily
,19:00,PD Seige,06/20/26,Alex,Tropadu7,,19:00,STAFF MEETING
,20:00,Humane labs,05/22/26,Barry,NewWorldCartel,,20:00,Bank of England,05/22/26,Barry,NewWorldCartel
,21:00,Boat Raid,05/27/26,rhys,HighRollerz,,21:00,BR
,22:00,Bank of England,06/10/2026,Alex,Sinns Cartel,,22:00,Island Seige,05/27/2026,rhys,HighRollerz
,23:00,Bank of England,06/11/26,Barry,Vanilla,,23:00,Jewellery Heist,06/11/26,Barry,Vanilla
,0:00,,,,,,0:00
